{
    "structure": [
        784,
        500,
        10
    ],
    "last_logistic": true,
    "cost_function": "negative_log_likelihood",
    "early_stopping": true,
    "test_loss_best": 0.057,
    "valid_loss_graph": [
        [
            1,
            0.085
        ],
        [
            2,
            0.07500000000000002
        ],
        [
            3,
            0.06200000000000001
        ],
        [
            4,
            0.06400000000000002
        ],
        [
            5,
            0.07100000000000002
        ],
        [
            6,
            0.06900000000000002
        ],
        [
            7,
            0.06200000000000001
        ],
        [
            8,
            0.06600000000000002
        ]
    ],
    "test_loss_graph": [
        [
            1,
            0.0819
        ],
        [
            2,
            0.0734
        ],
        [
            3,
            0.0682
        ]
    ],
    "valid_precision_graph": [
        [
            1,
            0.9160006371128127
        ],
        [
            2,
            0.9261856251112978
        ],
        [
            3,
            0.9380018071493531
        ],
        [
            4,
            0.9370679378479178
        ],
        [
            5,
            0.9290143628214423
        ],
        [
            6,
            0.9325247645623417
        ],
        [
            7,
            0.9380375560506694
        ],
        [
            8,
            0.935684873105213
        ]
    ],
    "test_precision_graph": [
        [
            1,
            0.9182223153109724
        ],
        [
            2,
            0.9273110837365219
        ],
        [
            3,
            0.9316270158722932
        ]
    ]
}