{
    "structure": [
        784,
        500,
        100,
        10
    ],
    "last_logistic": true,
    "cost_function": "negative_log_likelihood",
    "early_stopping": true,
    "test_loss_best": 0.11190000000000001,
    "valid_loss_graph": [
        [
            1,
            0.15400000000000005
        ],
        [
            2,
            0.12800000000000003
        ],
        [
            3,
            0.11600000000000002
        ],
        [
            4,
            0.11600000000000003
        ],
        [
            5,
            0.12500000000000003
        ],
        [
            6,
            0.12300000000000003
        ],
        [
            7,
            0.12500000000000003
        ],
        [
            8,
            0.13000000000000003
        ]
    ],
    "test_loss_graph": [
        [
            1,
            0.14920000000000003
        ],
        [
            2,
            0.1115
        ],
        [
            3,
            0.1107
        ]
    ],
    "valid_precision_graph": [
        [
            1,
            0.8491855910426274
        ],
        [
            2,
            0.8742750871987951
        ],
        [
            3,
            0.8854174164882659
        ],
        [
            4,
            0.8864416219968788
        ],
        [
            5,
            0.8758461205154952
        ],
        [
            6,
            0.8811068219896014
        ],
        [
            7,
            0.8769130605459369
        ],
        [
            8,
            0.8783823351235464
        ]
    ],
    "test_precision_graph": [
        [
            1,
            0.8538668749028062
        ],
        [
            2,
            0.8890801434185904
        ],
        [
            3,
            0.888929619616361
        ]
    ]
}